
<!--
这个为菜单列表，注意编辑的格式!例如：
<phone id="手机概览,overview">手机外观</phone>
1、手机概览：一级标题名称
2、overview：这个为assets下的各个模块文件夹的名称，记住这个值一定要与文件夹的名称对应，不然链接会出错
3、手机外观：二级标题名称
4、手机概览与overview之间的逗号为英文状态下的，请注意
5、各个模块文件夹的html文件一定要按照顺序来命名，即XXX_1到XXX_n来命名，中间不能有断续
--><phones>
<phone id="ओवरव्यू और त्वरीत प्रारंभ मार्गदर्शिका,overview">फ़ोन के बाह्य भाग का परिचय</phone>
<phone id="ओवरव्यू और त्वरीत प्रारंभ मार्गदर्शिका,overview">स्थापना और तैयारी</phone>
<phone id="ओवरव्यू और त्वरीत प्रारंभ मार्गदर्शिका,overview">स्टेटस बार आइकन और नोटिफ़िकेशन</phone>
<phone id="ओवरव्यू और त्वरीत प्रारंभ मार्गदर्शिका,overview">होम स्क्रीन का परिचय</phone>

<phone id="होम स्क्रीन ऐप्स,desktop">iManager</phone>
<phone id="होम स्क्रीन ऐप्स,desktop">कैमरा</phone>
<phone id="होम स्क्रीन ऐप्स,desktop">एल्बम</phone>
<phone id="होम स्क्रीन ऐप्स,desktop">कैल्क्यूलेटर</phone>
<phone id="होम स्क्रीन ऐप्स,desktop">रिकॉर्डर</phone>
<phone id="होम स्क्रीन ऐप्स,desktop">घड़ी</phone>
<phone id="होम स्क्रीन ऐप्स,desktop">कम्पास</phone>
<phone id="होम स्क्रीन ऐप्स,desktop">vivo.com</phone>
<phone id="होम स्क्रीन ऐप्स,desktop">थीम्स</phone>
<phone id="होम स्क्रीन ऐप्स,desktop">म्यूज़िक</phone>
<phone id="होम स्क्रीन ऐप्स,desktop">मौसम</phone>
<phone id="होम स्क्रीन ऐप्स,desktop">EasyShare</phone>
<phone id="होम स्क्रीन ऐप्स,desktop">नोट्स</phone>
<phone id="होम स्क्रीन ऐप्स,desktop">ब्राउज़र</phone>
<phone id="होम स्क्रीन ऐप्स,desktop">vivoCloud</phone>
<phone id="होम स्क्रीन ऐप्स,desktop">V-Appstore</phone>
<phone id="होम स्क्रीन ऐप्स,desktop">Gamecenter</phone>
<phone id="होम स्क्रीन ऐप्स,desktop">वीडियो</phone>
<phone id="होम स्क्रीन ऐप्स,desktop">Google ऐप्स</phone>

<phone id="फ़ोन और संपर्क,contact">कॉल</phone>
<phone id="फ़ोन और संपर्क,contact">कॉल सेटिंग</phone>
<phone id="फ़ोन और संपर्क,contact">संपर्क</phone>
<phone id="फ़ोन और संपर्क,contact">अधिक संचालन</phone>
<phone id="फ़ोन और संपर्क,contact">संदेश</phone>

<phone id="सेटिंग्स,settings">नेटवर्क और इंटरनेट</phone>
<phone id="सेटिंग्स,settings">ब्लूटूथ और डिवाइस</phone>
<phone id="सेटिंग्स,settings">प्रदर्शन और चमक</phone>
<phone id="सेटिंग्स,settings">लॉक स्क्रीन और वॉलपेपर</phone>
<phone id="सेटिंग्स,settings">डायनेमिक प्रभाव</phone>
<phone id="सेटिंग्स,settings">आवाज़</phone>
<phone id="सेटिंग्स,settings">ऐप्लिकेशन</phone>
<phone id="सेटिंग्स,settings">बैटरी</phone>
<phone id="सेटिंग्स,settings">RAM और मेमोरी</phone>
<phone id="सेटिंग्स,settings">सुरक्षा</phone>
<phone id="सेटिंग्स,settings">गोपनीयता</phone>
<phone id="सेटिंग्स,settings">जगह</phone>
<phone id="सेटिंग्स,settings">अल्ट्रा गेम मोड</phone>
<phone id="सेटिंग्स,settings">शॉर्टकट और पहुंच क्षमता</phone>
<phone id="सेटिंग्स,settings">डिजिटल वेलबीइंग और माता-पिता के नियंत्रण</phone>
<phone id="सेटिंग्स,settings">Google</phone>
<phone id="सेटिंग्स,settings">खाते</phone>
<phone id="सेटिंग्स,settings">सिस्टम</phone>
<phone id="सेटिंग्स,settings">फ़ोन के बारे में</phone>
<phone id="सेटिंग्स,settings" skip="usbdebug">डेवलपर के लिए सेटिंग और टूल</phone>
<phone id="सेटिंग्स,settings">सिस्टम अपडेट</phone>
<phone id="सेटिंग्स,settings" skip="appclone" check="appclone">ऐप क्लोन</phone>
<phone id="सेटिंग्स,settings" check="multiuser">एक से ज़्यादा उपयोगकर्ता</phone>
<phone id="सेटिंग्स,settings">Jovi होम</phone>
<phone id="सेटिंग्स,settings">नोटिफ़िकेशन</phone>

<phone id="रखरखाव और सर्विसिंग,maintain">रखरखाव के बारे में</phone>
<phone id="रखरखाव और सर्विसिंग,maintain">फ़ोन और एक्सेसरीज़</phone>
<phone id="रखरखाव और सर्विसिंग,maintain">सहायता</phone>
<phone id="रखरखाव और सर्विसिंग,maintain">समर्थित फ़ाइल फ़ॉर्मेट</phone>
<phone id="रखरखाव और सर्विसिंग,maintain" skip="usbhelp">USB कनेक्ट करने के बारे में निर्देश</phone>
</phones>