<!--  
这个为菜单列表，注意编辑的格式!例如：
<phone id="手机概览,overview">手机外观</phone>
1,手机概览：一级标题名称
2,overview：这个为assets下的各个模块文件夹的名称，记住这个值一定要与文件夹的名称对应，不然链接会出错
3,手机外观：二级标题名称
4,手机概览与overview之间的逗号为英文状态下的，请注意
5,各个模块文件夹的html文件一定要按照顺序来命名，即XXX_1到XXX_n来命名，中间不能有断续
-->
<phones>
<phone id="Aperçu et guide de démarrage rapide,overview">Présentation de la partie externe du téléphone</phone>
<phone id="Aperçu et guide de démarrage rapide,overview">Installation et préparation</phone>
<phone id="Aperçu et guide de démarrage rapide,overview">Icônes et notifications de la barre détat</phone>
<phone id="Aperçu et guide de démarrage rapide,overview">Présentation de l'écran d'accueil</phone>

<phone id="Applis du bureau,desktop">iManager</phone>
<phone id="Applis du bureau,desktop">Appareil photo</phone>
<phone id="Applis du bureau,desktop">Albums</phone>
<phone id="Applis du bureau,desktop">Calculatrice</phone>
<phone id="Applis du bureau,desktop">Enregistreur</phone>
<phone id="Applis du bureau,desktop">Horloge</phone>
<phone id="Applis du bureau,desktop">Boussole</phone>
<phone id="Applis du bureau,desktop">vivo.com</phone>
<phone id="Applis du bureau,desktop">Thèmes</phone>
<phone id="Applis du bureau,desktop">Musique</phone>
<phone id="Applis du bureau,desktop">Météo</phone>
<phone id="Applis du bureau,desktop">EasyShare</phone>
<phone id="Applis du bureau,desktop">Notes</phone>
<phone id="Applis du bureau,desktop">Navigateur</phone>
<phone id="Applis du bureau,desktop">vivoCloud</phone>
<phone id="Applis du bureau,desktop">V-Appstore</phone>
<phone id="Applis du bureau,desktop">Gamecenter</phone>
<phone id="Applis du bureau,desktop">Vidéo</phone>
<phone id="Applis du bureau,desktop">Applis Google</phone>

<phone id="Téléphone et contacts,contact">Appels</phone>
<phone id="Téléphone et contacts,contact">Paramètres d'appel</phone>
<phone id="Téléphone et contacts,contact">Contacts</phone>
<phone id="Téléphone et contacts,contact">Plus d&apos;opérations</phone>
<phone id="Téléphone et contacts,contact">Messages</phone>

<phone id="Paramètres,settings">Réseau et Internet</phone>
<phone id="Paramètres,settings">Bluetooth et appareils</phone>
<phone id="Paramètres,settings">Affichage et luminosité</phone>
<phone id="Paramètres,settings">Écran de verrouillage et fond d'écran</phone>
<phone id="Paramètres,settings">Effets dynamiques</phone>
<phone id="Paramètres,settings">Son</phone>
<phone id="Paramètres,settings">Appli</phone>
<phone id="Paramètres,settings">Batterie</phone>
<phone id="Paramètres,settings">RAM et espace de stockage</phone>
<phone id="Paramètres,settings">Sécurité</phone>
<phone id="Paramètres,settings">Confidentialité</phone>
<phone id="Paramètres,settings">Localisation</phone>
<phone id="Paramètres,settings">Mode Ultra Jeu</phone>
<phone id="Paramètres,settings">Raccourcis et accessibilité</phone>
<phone id="Paramètres,settings">Bien-être numérique et contrôle parental</phone>
<phone id="Paramètres,settings">Google</phone>
<phone id="Paramètres,settings">Comptes</phone>
<phone id="Paramètres,settings">Système</phone>
<phone id="Paramètres,settings">À propos du téléphone</phone>
<phone id="Paramètres,settings" skip="usbdebug">Options pour les développeurs</phone>
<phone id="Paramètres,settings">Mise à jour du système</phone>
<phone id="Paramètres,settings" skip="appclone" check="appclone">Cloner les applis</phone>
<phone id="Paramètres,settings" check="multiuser">Utilisateurs multiples</phone>
<phone id="Paramètres,settings">Jovi Home</phone>
<phone id="Paramètres,settings">Notification</phone>

<phone id="Maintenance et dépannage,maintain">À propos de la maintenance</phone>
<phone id="Maintenance et dépannage,maintain">Téléphone et accessoires</phone>
<phone id="Maintenance et dépannage,maintain">Aide</phone>
<phone id="Maintenance et dépannage,maintain">Format de fichiers pris en charge</phone>
<phone id="Maintenance et dépannage,maintain" skip="usbhelp">Instructions de connexion USB</phone>
</phones>