<!--  
这个为菜单列表，注意编辑的格式!例如：
<phone id="手机概览,overview">手机外观</phone>
1、手机概览：一级标题名称
2、overview：这个为assets下的各个模块文件夹的名称，记住这个值一定要与文件夹的名称对应，不然链接会出错
3、手机外观：二级标题名称
4、手机概览与overview之间的逗号为英文状态下的，请注意
5、各个模块文件夹的html文件一定要按照顺序来命名，即XXX_1到XXX_n来命名，中间不能有断续
-->
<phones>
<phone id="Panoramica e guida di avvio rapida,overview">Introduzione alla parte esterna del telefono</phone>
<phone id="Panoramica e guida di avvio rapida,overview">Installazione e preparazione</phone>
<phone id="Panoramica e guida di avvio rapida,overview">Icone e notifiche della barra di stato</phone>
<phone id="Panoramica e guida di avvio rapida,overview">Introduzione della schermata home</phone>

<phone id="App su desktop,desktop">iManager</phone>
<phone id="App su desktop,desktop">Fotocamera</phone>
<phone id="App su desktop,desktop">Album</phone>
<phone id="App su desktop,desktop">Calcolatrice</phone>
<phone id="App su desktop,desktop">Registratore</phone>
<phone id="App su desktop,desktop">Orologio</phone>
<phone id="App su desktop,desktop">Bussola</phone>
<phone id="App su desktop,desktop">vivo.com</phone>
<phone id="App su desktop,desktop">Temi</phone>
<phone id="App su desktop,desktop">Musica</phone>
<phone id="App su desktop,desktop">Meteo</phone>
<phone id="App su desktop,desktop">EasyShare</phone>
<phone id="App su desktop,desktop">Note</phone>
<phone id="App su desktop,desktop">Browser</phone>
<phone id="App su desktop,desktop">vivoCloud</phone>
<phone id="App su desktop,desktop">V-Appstore</phone>
<phone id="App su desktop,desktop">Centro Giochi</phone>
<phone id="App su desktop,desktop">Video</phone>
<phone id="App su desktop,desktop">App Google</phone>

<phone id="Telefono e contatti,contact">Chiamate</phone>
<phone id="Telefono e contatti,contact">Impostazioni chiamate</phone>
<phone id="Telefono e contatti,contact">Contatti</phone>
<phone id="Telefono e contatti,contact">Altre operazioni</phone>
<phone id="Telefono e contatti,contact">Messaggi</phone>

<phone id="Impostazioni,settings">Rete e Internet</phone>
<phone id="Impostazioni,settings">Bluetooth e dispositivi</phone>
<phone id="Impostazioni,settings">Display e luminosità</phone>
<phone id="Impostazioni,settings">Schermata di blocco e sfondo</phone>
<phone id="Impostazioni,settings">Effetti dinamici</phone>
<phone id="Impostazioni,settings">Suono</phone>
<phone id="Impostazioni,settings">App</phone>
<phone id="Impostazioni,settings">Batteria</phone>
<phone id="Impostazioni,settings">RAM e spazio di archiviazione</phone>
<phone id="Impostazioni,settings">Sicurezza</phone>
<phone id="Impostazioni,settings">Privacy</phone>
<phone id="Impostazioni,settings">Posizione</phone>
<phone id="Impostazioni,settings">Modalità Ultra-Gioco</phone>
<phone id="Impostazioni,settings">Collegamenti rapidi e accessibilità</phone>
<phone id="Impostazioni,settings">Benessere digitale e controllo parentale</phone>
<phone id="Impostazioni,settings">Google</phone>
<phone id="Impostazioni,settings">Account</phone>
<phone id="Impostazioni,settings">Sistema</phone>
<phone id="Impostazioni,settings">Informazioni sul telefono</phone>
<phone id="Impostazioni,settings" skip="usbdebug">Opzioni sviluppatore</phone>
<phone id="Impostazioni,settings">Aggiornamento di sistema</phone>
<phone id="Impostazioni,settings" skip="appclone" check="appclone">Clonazione app</phone>
<phone id="Impostazioni,settings" check="multiuser">Utenti multipli</phone>
<phone id="Impostazioni,settings">Jovi Home</phone>
<phone id="Impostazioni,settings">Notifiche</phone>

<phone id="Manutenzione e assistenza,maintain">Informazioni sulla manutenzione</phone>
<phone id="Manutenzione e assistenza,maintain">Telefono e accessori</phone>
<phone id="Manutenzione e assistenza,maintain">Assistenza</phone>
<phone id="Manutenzione e assistenza,maintain">Formati di file supportati</phone>
<phone id="Manutenzione e assistenza,maintain" skip="usbhelp">Istruzioni sulla connessione USB</phone>
</phones>